Wall time,Step,Value
1689293944.565545,0,0.8546941876411438
1689294442.612494,1,0.8569536209106445
1689294939.637362,2,0.8567978143692017
1689295436.535551,3,0.8583560585975647
1689295932.933721,4,0.8592910170555115
1689296431.798425,5,0.8592910170555115
1689296930.277071,6,0.8565641045570374
1689297428.831048,7,0.8598363995552063
1689297927.203307,8,0.8579664826393127
1689298425.875732,9,0.8551616668701172
1689298923.570564,10,0.8589014410972595
1689299419.47553,11,0.8627970218658447
1689299916.357923,12,0.8629528880119324
1689300414.606223,13,0.8632645010948181
1689300912.105635,14,0.8621737360954285
1689301410.598944,15,0.8644331693649292
1689301908.816073,16,0.862095832824707
1689302407.21011,17,0.864043653011322
1689302906.418301,18,0.8625633120536804
1689303403.79911,19,0.8652902245521545
1689303902.47083,20,0.864978551864624
1689304399.001274,21,0.866926372051239
1689304899.322855,22,0.868484616279602
1689305401.210991,23,0.8641994595527649
1689305898.054436,24,0.864978551864624
1689306395.520043,25,0.8686404228210449
1689306894.539201,26,0.8662251830101013
1689307391.577407,27,0.8676275610923767
1689307890.582056,28,0.869809091091156
1689308388.921689,29,0.8659135103225708
1689308888.540911,30,0.869809091091156
