Wall time,Step,Value
1689313773.31007,0,0.3052590489387512
1689314643.570227,1,0.5440592169761658
1689315515.070033,2,0.6543825268745422
1689316386.633342,3,0.7045578360557556
1689317256.680755,4,0.754733145236969
1689318128.700738,5,0.7760810256004333
1689319000.739425,6,0.7963381409645081
1689319871.414433,7,0.8096610903739929
1689320741.341021,8,0.8234515190124512
1689321612.803229,9,0.8304635882377625
1689322482.890771,10,0.8394234776496887
1689323357.854522,11,0.8456563949584961
1689324230.919865,12,0.8496299386024475
1689325103.589344,13,0.8507986068725586
1689325975.503504,14,0.8542267084121704
1689326845.112109,15,0.8596805334091187
1689327711.357126,16,0.865368127822876
1689328579.527488,17,0.8671600818634033
1689329448.809045,18,0.8632645010948181
1689330316.7619,19,0.8671600818634033
1689331182.069775,20,0.8674717545509338
1689332035.975214,21,0.8726139664649963
1689332880.688261,22,0.8761199712753296
1689333719.879599,23,0.8732372522354126
1689334550.960853,24,0.8771328330039978
1689335382.941271,25,0.8733930587768555
1689336212.186734,26,0.8764316439628601
1689337044.17145,27,0.879703938961029
1689337870.756547,28,0.8790806531906128
1689338700.56594,29,0.8802493214607239
1689339541.084267,30,0.8834437131881714
1689340396.615667,31,0.8828983306884766
1689341160.765465,32,0.8821971416473389
1689341901.189232,33,0.8822750449180603
1689342633.438197,34,0.884534478187561
1689343361.818586,35,0.8853915333747864
1689344107.595228,36,0.8861706256866455
1689344841.795909,37,0.8906115889549255
1689345586.67128,38,0.8886638283729553
1689346334.205607,39,0.8899883031845093
